"file_path","overall_diversity","cronbach_alpha"
"diversity00.csv",3.875,0.817777777777778
"diversity01.csv",4.91666666666667,0.79295154185022
"diversity02.csv",4.79166666666667,0.834729626808835
"diversity03.csv",5,0.571428571428571
"diversity04.csv",5.91666666666667,0.754385964912281
"diversity05.csv",5.75,0.86046511627907
"diversity06.csv",5.20833333333333,0.791354945968412
