"file_path","overall_diversity","cronbach_alpha"
"diversity00.csv",4,0.82312925170068
"diversity01.csv",4.04166666666667,0.852184320766008
"diversity02.csv",5.20833333333333,0.75685234305924
"diversity03.csv",5.20833333333333,0.856663309835515
"diversity04.csv",6.16666666666667,0.352941176470588
"diversity05.csv",5.33333333333333,0.753623188405797
"diversity06.csv",5.54166666666667,0.67945205479452
